                  epoch,         train/box_loss,         train/cls_loss,         train/dfl_loss,   metrics/precision(B),      metrics/recall(B),       metrics/mAP50(B),    metrics/mAP50-95(B),           val/box_loss,           val/cls_loss,           val/dfl_loss,                 lr/pg0,                 lr/pg1,                 lr/pg2
                      1,                 1.6939,                 1.9068,                 1.5286,                0.65401,                0.59769,                 0.6062,                0.31624,                 1.5701,                  1.292,                  1.464,               0.003321,               0.003321,               0.003321
                      2,                 1.5186,                 1.2437,                 1.3436,                0.68564,                0.63358,                0.65771,                0.34338,                 1.5737,                 1.2271,                 1.4479,              0.0066324,              0.0066324,              0.0066324
                      3,                 1.5389,                 1.2358,                 1.3466,                0.63568,                0.59296,                0.59687,                 0.3031,                 1.6526,                 1.3135,                  1.482,              0.0099217,              0.0099217,              0.0099217
                      4,                 1.5722,                 1.2562,                 1.3546,                0.66209,                0.64104,                0.65271,                0.33343,                 1.5979,                 1.2885,                 1.4365,               0.009901,               0.009901,               0.009901
                      5,                 1.5516,                 1.2299,                 1.3633,                0.70337,                0.66772,                0.68318,                0.35733,                 1.5739,                 1.1976,                 1.4425,               0.009868,               0.009868,               0.009868
                      6,                 1.5185,                 1.1724,                 1.3352,                0.72082,                0.67587,                0.70598,                 0.3756,                 1.5329,                  1.217,                 1.3769,               0.009835,               0.009835,               0.009835
                      7,                 1.5199,                 1.1652,                 1.3417,                0.71174,                0.69636,                0.69252,                0.37123,                 1.5428,                  1.176,                 1.4034,               0.009802,               0.009802,               0.009802
                      8,                 1.5068,                 1.1343,                 1.3247,                0.71176,                0.69325,                 0.6975,                0.38017,                 1.5142,                 1.1252,                 1.3778,               0.009769,               0.009769,               0.009769
                      9,                 1.4898,                 1.1252,                 1.3218,                0.74593,                0.70422,                0.73227,                0.40565,                 1.4749,                 1.0836,                 1.3668,               0.009736,               0.009736,               0.009736
                     10,                 1.4731,                 1.0863,                 1.3086,                0.77121,                0.69753,                0.74006,                0.40942,                 1.4811,                 1.0568,                 1.3662,               0.009703,               0.009703,               0.009703
                     11,                 1.4604,                 1.0812,                 1.3081,                0.74112,                0.70955,                0.73006,                0.40759,                 1.4796,                  1.082,                 1.3644,                0.00967,                0.00967,                0.00967
                     12,                 1.4523,                 1.0678,                 1.2996,                0.77881,                 0.7043,                0.73395,                0.41001,                 1.4672,                 1.0466,                 1.3443,               0.009637,               0.009637,               0.009637
                     13,                 1.4407,                 1.0554,                 1.2887,                0.76385,                0.72731,                0.75572,                0.41955,                 1.4617,                 1.0436,                 1.3538,               0.009604,               0.009604,               0.009604
                     14,                 1.4298,                 1.0211,                 1.2818,                0.78758,                0.70854,                0.75907,                0.42586,                 1.4632,                  1.009,                 1.3492,               0.009571,               0.009571,               0.009571
                     15,                 1.4198,                 1.0267,                 1.2813,                0.77052,                0.73007,                0.75333,                0.42113,                 1.4385,                 1.0113,                 1.3259,               0.009538,               0.009538,               0.009538
                     16,                  1.404,                 1.0023,                 1.2706,                0.78807,                0.71935,                0.76144,                0.43335,                 1.4433,                 1.0071,                 1.3328,               0.009505,               0.009505,               0.009505
                     17,                 1.4019,                0.99597,                 1.2694,                0.77777,                0.73912,                0.77101,                0.44156,                 1.4344,                0.99702,                 1.3272,               0.009472,               0.009472,               0.009472
                     18,                 1.3883,                0.98263,                 1.2551,                0.80466,                0.73737,                0.77931,                0.44591,                 1.4166,                0.95374,                 1.3132,               0.009439,               0.009439,               0.009439
                     19,                 1.3709,                 0.9662,                 1.2502,                0.78855,                0.74423,                0.77155,                0.44296,                  1.426,                0.97946,                   1.33,               0.009406,               0.009406,               0.009406
                     20,                 1.3835,                 0.9699,                 1.2527,                0.78985,                0.74785,                0.78719,                0.44698,                 1.4182,                0.96512,                 1.3218,               0.009373,               0.009373,               0.009373
                     21,                 1.3737,                0.95057,                 1.2537,                0.80565,                0.73744,                0.78505,                0.45573,                 1.3817,                0.95088,                 1.2872,                0.00934,                0.00934,                0.00934
                     22,                 1.3609,                0.96022,                 1.2445,                0.79476,                0.74506,                0.78558,                0.45045,                 1.4108,                0.93682,                 1.3155,               0.009307,               0.009307,               0.009307
                     23,                 1.3542,                0.94294,                 1.2443,                0.79137,                0.74816,                0.79395,                0.45263,                 1.3948,                 0.9405,                 1.3099,               0.009274,               0.009274,               0.009274
                     24,                 1.3423,                0.92324,                 1.2383,                0.78248,                0.74667,                0.77351,                0.44702,                 1.4114,                0.95609,                 1.3309,               0.009241,               0.009241,               0.009241
                     25,                 1.3448,                0.92761,                 1.2428,                0.79818,                 0.7362,                0.78284,                0.45048,                 1.3905,                0.96502,                 1.3048,               0.009208,               0.009208,               0.009208
                     26,                 1.3351,                0.91599,                  1.232,                0.79825,                0.76574,                0.79752,                0.46305,                 1.3752,                0.90473,                 1.2952,               0.009175,               0.009175,               0.009175
                     27,                 1.3368,                 0.9039,                 1.2295,                 0.7946,                0.76143,                0.78917,                0.45553,                 1.3845,                0.92418,                 1.2909,               0.009142,               0.009142,               0.009142
                     28,                  1.315,                0.89578,                 1.2147,                 0.8074,                0.76372,                0.80003,                0.46562,                 1.3725,                0.90529,                 1.2882,               0.009109,               0.009109,               0.009109
                     29,                 1.3133,                0.89021,                  1.217,                0.80154,                 0.7567,                0.79904,                0.46998,                 1.3693,                0.90006,                 1.2837,               0.009076,               0.009076,               0.009076
                     30,                 1.3037,                0.87053,                 1.2087,                0.80464,                 0.7768,                0.80394,                 0.4734,                 1.3642,                 0.8827,                  1.285,               0.009043,               0.009043,               0.009043
                     31,                 1.3022,                0.88271,                 1.2166,                0.81142,                0.76129,                0.79804,                0.46521,                 1.3629,                0.89136,                 1.2809,                0.00901,                0.00901,                0.00901
                     32,                 1.3022,                0.87587,                 1.2069,                0.80965,                0.76967,                0.80233,                0.47281,                 1.3623,                0.88478,                 1.2762,               0.008977,               0.008977,               0.008977
                     33,                 1.3018,                0.88733,                 1.2148,                0.81045,                0.76159,                0.80404,                0.47859,                 1.3465,                0.89204,                 1.2722,               0.008944,               0.008944,               0.008944
                     34,                 1.2882,                 0.8613,                 1.2079,                0.82383,                0.76272,                0.81017,                0.48112,                 1.3512,                0.87007,                  1.274,               0.008911,               0.008911,               0.008911
                     35,                 1.2811,                0.84852,                  1.199,                0.80845,                0.76704,                0.81339,                0.47727,                 1.3484,                0.88252,                 1.2744,               0.008878,               0.008878,               0.008878
                     36,                  1.271,                0.84254,                 1.1937,                0.82389,                0.77126,                0.81756,                0.48664,                 1.3386,                0.85483,                 1.2686,               0.008845,               0.008845,               0.008845
                     37,                 1.2649,                0.84562,                 1.1932,                0.81376,                0.78993,                0.81896,                0.49101,                  1.321,                0.83456,                 1.2543,               0.008812,               0.008812,               0.008812
                     38,                 1.2499,                0.84022,                 1.1869,                0.81546,                0.77253,                0.81536,                0.48687,                  1.337,                0.85326,                 1.2662,               0.008779,               0.008779,               0.008779
                     39,                 1.2696,                0.83831,                 1.1981,                0.82207,                0.77542,                 0.8208,                 0.4917,                 1.3132,                 0.8525,                 1.2491,               0.008746,               0.008746,               0.008746
                     40,                 1.2565,                 0.8396,                 1.1886,                0.80899,                0.78001,                0.81478,                0.49218,                 1.3179,                0.84032,                 1.2549,               0.008713,               0.008713,               0.008713
                     41,                  1.237,                0.82026,                 1.1772,                 0.8162,                0.77849,                0.82017,                0.49132,                 1.3116,                0.84498,                 1.2523,                0.00868,                0.00868,                0.00868
                     42,                 1.2445,                0.81485,                 1.1739,                0.83394,                0.77061,                0.81965,                   0.49,                 1.3156,                0.84747,                 1.2494,               0.008647,               0.008647,               0.008647
                     43,                 1.2466,                 0.8225,                 1.1775,                0.81957,                0.77472,                 0.8183,                0.49632,                 1.2959,                0.84658,                 1.2381,               0.008614,               0.008614,               0.008614
                     44,                 1.2277,                0.80204,                 1.1698,                0.82053,                0.77445,                 0.8155,                0.49065,                 1.3127,                0.84352,                 1.2496,               0.008581,               0.008581,               0.008581
                     45,                 1.2184,                0.79797,                 1.1651,                0.82886,                0.78592,                0.82367,                0.49727,                 1.3072,                0.82916,                 1.2493,               0.008548,               0.008548,               0.008548
                     46,                 1.2218,                0.80077,                 1.1738,                0.81774,                0.78737,                0.82905,                0.50569,                 1.2992,                0.81873,                 1.2443,               0.008515,               0.008515,               0.008515
                     47,                 1.2223,                0.79889,                 1.1622,                  0.839,                 0.7768,                0.82915,                0.50422,                 1.2976,                0.81222,                  1.244,               0.008482,               0.008482,               0.008482
                     48,                 1.2168,                0.78849,                 1.1622,                0.82904,                0.78693,                0.82667,                0.50336,                  1.312,                0.81404,                 1.2539,               0.008449,               0.008449,               0.008449
                     49,                 1.2095,                0.78285,                 1.1621,                0.83021,                0.78578,                0.82492,                0.50092,                 1.2929,                0.80305,                  1.243,               0.008416,               0.008416,               0.008416
                     50,                 1.1927,                0.76835,                 1.1483,                0.83082,                0.78453,                0.82513,                0.50548,                 1.2883,                0.80306,                 1.2313,               0.008383,               0.008383,               0.008383
                     51,                 1.2069,                0.78065,                 1.1588,                 0.8309,                0.77943,                0.82484,                0.50418,                 1.2919,                0.80513,                 1.2418,                0.00835,                0.00835,                0.00835
                     52,                  1.196,                0.77327,                 1.1533,                0.83489,                0.78607,                0.82441,                 0.4988,                 1.3047,                0.79891,                 1.2488,               0.008317,               0.008317,               0.008317
                     53,                 1.1894,                 0.7594,                 1.1444,                0.82609,                0.79468,                0.82977,                  0.504,                 1.2944,                0.79883,                 1.2409,               0.008284,               0.008284,               0.008284
                     54,                  1.189,                0.77088,                 1.1483,                0.83993,                0.79299,                0.83648,                0.51078,                 1.2829,                0.78366,                 1.2358,               0.008251,               0.008251,               0.008251
                     55,                 1.1949,                0.76635,                 1.1539,                0.83989,                0.79427,                0.82994,                0.51178,                 1.2758,                0.78579,                 1.2282,               0.008218,               0.008218,               0.008218
                     56,                 1.1811,                0.75399,                 1.1443,                 0.8285,                0.79467,                0.83084,                0.51241,                 1.2744,                0.78259,                 1.2348,               0.008185,               0.008185,               0.008185
                     57,                 1.1865,                0.75382,                 1.1459,                0.84126,                0.78251,                 0.8345,                0.51312,                 1.2708,                0.78807,                 1.2284,               0.008152,               0.008152,               0.008152
                     58,                 1.1692,                0.74818,                  1.142,                0.83897,                0.78447,                0.83354,                0.51347,                 1.2713,                0.77784,                 1.2309,               0.008119,               0.008119,               0.008119
                     59,                 1.1736,                0.75334,                 1.1432,                0.83485,                0.79187,                0.83337,                0.51421,                 1.2782,                0.77597,                  1.239,               0.008086,               0.008086,               0.008086
                     60,                 1.1683,                0.74566,                 1.1326,                0.83027,                0.79871,                0.83392,                0.51592,                  1.255,                0.77166,                 1.2212,               0.008053,               0.008053,               0.008053
                     61,                 1.1533,                0.73596,                 1.1276,                0.83353,                 0.7925,                 0.8313,                  0.515,                 1.2569,                0.77331,                 1.2289,                0.00802,                0.00802,                0.00802
                     62,                 1.1594,                0.73015,                 1.1303,                0.83936,                0.79785,                0.83162,                 0.5135,                 1.2654,                0.77513,                 1.2392,               0.007987,               0.007987,               0.007987
                     63,                 1.1548,                0.74033,                 1.1334,                  0.829,                0.78715,                0.82862,                0.51843,                 1.2507,                0.76973,                 1.2252,               0.007954,               0.007954,               0.007954
                     64,                 1.1501,                0.73422,                 1.1311,                0.82423,                0.80026,                0.83428,                 0.5192,                 1.2533,                0.78676,                 1.2272,               0.007921,               0.007921,               0.007921
                     65,                 1.1401,                0.72275,                  1.128,                0.84285,                0.79506,                0.83633,                 0.5211,                 1.2623,                   0.77,                 1.2321,               0.007888,               0.007888,               0.007888
                     66,                 1.1509,                0.72878,                 1.1298,                0.82986,                 0.8032,                0.83635,                0.52328,                 1.2523,                0.76611,                 1.2216,               0.007855,               0.007855,               0.007855
                     67,                 1.1356,                0.71256,                 1.1215,                0.83157,                0.80528,                0.83831,                0.52491,                 1.2459,                0.75497,                 1.2166,               0.007822,               0.007822,               0.007822
                     68,                  1.133,                0.71746,                 1.1181,                0.83026,                0.80522,                0.83579,                0.52563,                   1.24,                 0.7475,                 1.2101,               0.007789,               0.007789,               0.007789
                     69,                  1.128,                0.71239,                  1.115,                0.83724,                0.80585,                0.83763,                0.52767,                 1.2278,                0.74892,                 1.2112,               0.007756,               0.007756,               0.007756
                     70,                 1.1306,                0.71981,                 1.1164,                0.84202,                0.80157,                0.84231,                0.52581,                 1.2548,                0.74925,                 1.2262,               0.007723,               0.007723,               0.007723
                     71,                 1.1302,                0.69843,                 1.1108,                0.84954,                0.79529,                0.84333,                0.53258,                 1.2309,                0.74579,                 1.2117,                0.00769,                0.00769,                0.00769
                     72,                 1.1168,                0.70607,                  1.112,                0.83717,                0.80238,                0.84023,                0.53074,                 1.2239,                 0.7469,                 1.2109,               0.007657,               0.007657,               0.007657
                     73,                 1.1167,                0.69831,                 1.1083,                0.83331,                0.80764,                0.83731,                0.53085,                 1.2282,                0.74458,                 1.2041,               0.007624,               0.007624,               0.007624
                     74,                 1.1202,                0.71157,                 1.1137,                0.84807,                0.79865,                0.84156,                0.53271,                 1.2363,                0.75285,                  1.217,               0.007591,               0.007591,               0.007591
                     75,                 1.1061,                0.69436,                 1.1035,                0.84606,                0.80692,                0.84468,                0.54102,                 1.2126,                0.73374,                 1.2082,               0.007558,               0.007558,               0.007558
                     76,                 1.1076,                 0.6926,                 1.1074,                0.84013,                0.80944,                0.84642,                 0.5373,                 1.2206,                0.73303,                  1.213,               0.007525,               0.007525,               0.007525
                     77,                 1.1106,                0.69729,                 1.1119,                0.85162,                0.80698,                0.84463,                0.53701,                 1.2197,                0.74324,                 1.2165,               0.007492,               0.007492,               0.007492
                     78,                 1.1005,                0.68942,                  1.102,                0.84807,                 0.8059,                0.84409,                0.53883,                 1.2118,                0.73189,                 1.2086,               0.007459,               0.007459,               0.007459
                     79,                  1.105,                0.69007,                 1.1042,                0.84922,                0.80376,                0.84371,                0.53848,                 1.2152,                0.73084,                 1.2112,               0.007426,               0.007426,               0.007426
                     80,                 1.0962,                0.68554,                 1.0991,                0.84276,                0.81016,                0.84363,                0.54162,                 1.2059,                0.72813,                 1.2002,               0.007393,               0.007393,               0.007393
                     81,                 1.1002,                0.68333,                 1.0981,                0.83591,                 0.8165,                0.84476,                 0.5404,                 1.2143,                0.72767,                 1.2064,                0.00736,                0.00736,                0.00736
                     82,                 1.0928,                0.68231,                 1.0984,                0.84068,                0.81253,                0.84665,                0.54146,                 1.2017,                0.72723,                 1.2027,               0.007327,               0.007327,               0.007327
                     83,                   1.09,                0.68141,                 1.0943,                 0.8386,                0.81513,                0.84725,                0.54448,                 1.1968,                0.72519,                 1.1966,               0.007294,               0.007294,               0.007294
                     84,                  1.088,                0.67929,                 1.0934,                0.84859,                0.80478,                0.84445,                0.53928,                 1.2074,                0.73203,                 1.2054,               0.007261,               0.007261,               0.007261
                     85,                 1.0801,                0.68108,                 1.0945,                 0.8408,                0.81507,                0.84316,                0.54126,                 1.2052,                0.71984,                 1.2014,               0.007228,               0.007228,               0.007228
                     86,                 1.0779,                0.67547,                 1.0921,                0.84083,                0.81419,                0.84212,                0.54024,                 1.1969,                0.72379,                 1.1978,               0.007195,               0.007195,               0.007195
                     87,                 1.0809,                0.67506,                 1.0909,                0.83819,                 0.8165,                0.84712,                0.54559,                 1.1909,                0.71754,                 1.1951,               0.007162,               0.007162,               0.007162
                     88,                 1.0777,                0.67546,                 1.0923,                0.84908,                0.81172,                0.84936,                0.54638,                 1.1875,                0.71607,                 1.1908,               0.007129,               0.007129,               0.007129
                     89,                 1.0747,                0.67048,                 1.0889,                0.84151,                0.81488,                0.84817,                0.54501,                 1.1982,                0.71618,                  1.202,               0.007096,               0.007096,               0.007096
                     90,                 1.0578,                0.65608,                 1.0815,                 0.8483,                0.81185,                0.84831,                0.54513,                 1.1905,                0.71414,                 1.1943,               0.007063,               0.007063,               0.007063
                     91,                  1.064,                0.66442,                 1.0838,                0.84308,                0.81104,                0.84686,                0.54514,                 1.1913,                0.71767,                 1.1962,                0.00703,                0.00703,                0.00703
                     92,                 1.0633,                0.65847,                 1.0786,                0.84346,                0.81193,                 0.8493,                 0.5483,                 1.1841,                0.71161,                 1.1876,               0.006997,               0.006997,               0.006997
                     93,                 1.0587,                0.64745,                 1.0787,                0.84633,                0.81118,                  0.847,                0.54872,                  1.178,                0.71717,                 1.1931,               0.006964,               0.006964,               0.006964
                     94,                 1.0496,                0.64848,                 1.0762,                0.84283,                0.81284,                0.84647,                0.55105,                 1.1775,                0.71615,                 1.1916,               0.006931,               0.006931,               0.006931
                     95,                 1.0524,                0.65334,                  1.082,                0.84435,                0.81939,                0.84732,                0.54957,                  1.183,                0.71077,                 1.1893,               0.006898,               0.006898,               0.006898
                     96,                 1.0566,                0.65183,                 1.0788,                0.85013,                0.80729,                0.84565,                0.55122,                 1.1739,                0.71948,                 1.1844,               0.006865,               0.006865,               0.006865
                     97,                 1.0554,                0.65078,                 1.0777,                0.84214,                0.81653,                0.84438,                0.54862,                 1.1826,                0.71831,                   1.19,               0.006832,               0.006832,               0.006832
                     98,                 1.0389,                0.64204,                 1.0692,                0.84569,                0.81555,                0.85159,                0.55553,                 1.1715,                0.71075,                 1.1859,               0.006799,               0.006799,               0.006799
                     99,                 1.0489,                0.64978,                 1.0802,                0.84432,                0.81926,                0.84777,                0.55343,                 1.1708,                0.71362,                 1.1894,               0.006766,               0.006766,               0.006766
                    100,                 1.0393,                0.64345,                 1.0721,                0.85652,                0.81801,                0.85547,                0.55615,                 1.1721,                0.70335,                 1.1905,               0.006733,               0.006733,               0.006733
                    101,                 1.0353,                0.64823,                 1.0715,                 0.8571,                0.80781,                0.85275,                0.55411,                 1.1691,                0.70872,                 1.1883,                 0.0067,                 0.0067,                 0.0067
                    102,                 1.0359,                0.64454,                 1.0671,                0.85112,                0.81676,                0.85115,                0.55358,                  1.173,                0.70593,                 1.1879,               0.006667,               0.006667,               0.006667
                    103,                 1.0356,                0.63844,                 1.0685,                0.84732,                0.81512,                0.85026,                0.55562,                 1.1675,                0.70336,                 1.1883,               0.006634,               0.006634,               0.006634
                    104,                 1.0312,                0.63942,                 1.0641,                0.85368,                0.81561,                0.85331,                0.55494,                 1.1676,                0.70215,                 1.1879,               0.006601,               0.006601,               0.006601
                    105,                 1.0241,                0.63986,                 1.0671,                0.85395,                 0.8147,                0.85034,                0.55559,                 1.1706,                0.70244,                 1.1917,               0.006568,               0.006568,               0.006568
                    106,                 1.0262,                0.63321,                  1.064,                0.84644,                0.81852,                0.85131,                0.55837,                 1.1583,                0.69839,                 1.1873,               0.006535,               0.006535,               0.006535
                    107,                 1.0228,                 0.6327,                 1.0634,                0.85197,                0.81394,                0.84643,                0.55512,                 1.1599,                0.70392,                 1.1859,               0.006502,               0.006502,               0.006502
                    108,                 1.0144,                0.62795,                 1.0622,                0.85072,                0.81766,                0.84811,                0.55589,                 1.1549,                 0.6993,                  1.184,               0.006469,               0.006469,               0.006469
                    109,                 1.0173,                0.62443,                 1.0603,                0.85641,                0.81688,                0.85502,                0.55977,                  1.155,                0.69069,                 1.1839,               0.006436,               0.006436,               0.006436
                    110,                 1.0092,                 0.6232,                 1.0574,                0.85235,                0.81597,                0.85111,                0.55932,                 1.1582,                0.69591,                  1.183,               0.006403,               0.006403,               0.006403
                    111,                 1.0062,                0.61743,                 1.0595,                0.86091,                0.81181,                0.85313,                0.56022,                 1.1522,                 0.6952,                 1.1811,                0.00637,                0.00637,                0.00637
                    112,                 1.0168,                0.63157,                 1.0625,                0.86262,                0.81532,                0.85446,                0.56226,                 1.1511,                0.68897,                 1.1849,               0.006337,               0.006337,               0.006337
                    113,                0.99777,                0.61809,                 1.0494,                0.85536,                0.81056,                0.85066,                 0.5621,                 1.1422,                0.68992,                 1.1809,               0.006304,               0.006304,               0.006304
                    114,                 1.0035,                0.60948,                 1.0494,                0.86268,                0.81017,                 0.8508,                0.56205,                 1.1451,                 0.6869,                 1.1773,               0.006271,               0.006271,               0.006271
                    115,                 1.0084,                0.61713,                 1.0562,                0.85451,                0.81506,                 0.8504,                0.56328,                 1.1374,                0.68616,                 1.1721,               0.006238,               0.006238,               0.006238
                    116,                0.99563,                0.61639,                 1.0527,                0.85919,                0.81875,                0.85286,                0.56304,                 1.1383,                0.68516,                  1.177,               0.006205,               0.006205,               0.006205
                    117,                 1.0032,                0.61663,                   1.05,                0.85338,                0.82424,                0.85398,                0.56593,                 1.1427,                0.68864,                 1.1749,               0.006172,               0.006172,               0.006172
                    118,                0.99589,                0.61372,                 1.0506,                0.86031,                 0.8196,                0.85567,                0.56685,                 1.1399,                0.68738,                 1.1777,               0.006139,               0.006139,               0.006139
                    119,                 0.9949,                0.60912,                 1.0452,                0.85885,                0.82197,                0.85651,                0.56753,                 1.1367,                0.69062,                 1.1765,               0.006106,               0.006106,               0.006106
                    120,                 0.9877,                0.60665,                 1.0435,                0.85889,                0.81794,                0.85551,                0.56896,                 1.1321,                0.68762,                 1.1739,               0.006073,               0.006073,               0.006073
                    121,                 0.9965,                0.61754,                 1.0552,                0.85201,                0.82334,                0.85518,                0.56922,                 1.1313,                0.68441,                  1.173,                0.00604,                0.00604,                0.00604
                    122,                0.98366,                0.60377,                 1.0453,                0.85064,                 0.8185,                 0.8529,                0.56918,                 1.1304,                0.68817,                  1.172,               0.006007,               0.006007,               0.006007
                    123,                0.98237,                0.60207,                 1.0427,                0.85646,                0.81487,                0.85258,                0.56923,                 1.1272,                0.68811,                 1.1693,               0.005974,               0.005974,               0.005974
                    124,                 0.9865,                0.60322,                 1.0388,                0.86386,                0.80846,                0.85294,                0.56919,                 1.1236,                0.68897,                 1.1689,               0.005941,               0.005941,               0.005941
                    125,                0.97693,                0.60194,                 1.0395,                0.86201,                0.81079,                0.85514,                0.57042,                 1.1224,                0.68604,                 1.1669,               0.005908,               0.005908,               0.005908
                    126,                0.97529,                0.60431,                 1.0383,                0.85738,                0.81785,                0.85582,                0.57207,                 1.1268,                0.68159,                 1.1709,               0.005875,               0.005875,               0.005875
                    127,                0.97327,                 0.5976,                 1.0349,                0.86202,                0.81529,                0.85546,                0.57039,                 1.1258,                 0.6795,                 1.1722,               0.005842,               0.005842,               0.005842
                    128,                0.96068,                0.58641,                 1.0344,                0.86375,                0.81821,                0.85564,                0.57063,                 1.1211,                0.67869,                 1.1688,               0.005809,               0.005809,               0.005809
                    129,                0.97033,                0.59505,                 1.0381,                0.85719,                0.81871,                0.85379,                0.56853,                 1.1277,                0.68304,                 1.1723,               0.005776,               0.005776,               0.005776
                    130,                0.96734,                0.59137,                 1.0312,                0.84453,                0.82576,                0.85245,                0.56982,                 1.1249,                0.67902,                  1.173,               0.005743,               0.005743,               0.005743
                    131,                0.96926,                0.59298,                 1.0381,                0.85329,                0.82198,                 0.8534,                0.56996,                 1.1236,                0.68589,                 1.1698,                0.00571,                0.00571,                0.00571
                    132,                0.95394,                0.58558,                 1.0334,                0.85375,                0.82104,                0.85195,                0.57157,                 1.1168,                0.68365,                 1.1678,               0.005677,               0.005677,               0.005677
                    133,                0.96764,                0.58954,                 1.0346,                0.85566,                0.82497,                0.85405,                0.57289,                 1.1164,                 0.6803,                 1.1691,               0.005644,               0.005644,               0.005644
                    134,                0.95699,                0.58748,                 1.0363,                0.85742,                0.82109,                0.85381,                0.57274,                 1.1143,                0.68364,                 1.1674,               0.005611,               0.005611,               0.005611
                    135,                0.95819,                0.59017,                 1.0372,                0.85533,                 0.8215,                0.85302,                0.57067,                  1.116,                0.68396,                 1.1703,               0.005578,               0.005578,               0.005578
                    136,                0.94583,                0.57947,                 1.0292,                0.85765,                0.81747,                0.85036,                0.56855,                 1.1138,                0.68511,                 1.1693,               0.005545,               0.005545,               0.005545
                    137,                0.94875,                0.57677,                 1.0265,                0.86434,                0.81536,                0.85214,                0.57073,                 1.1088,                 0.6779,                 1.1654,               0.005512,               0.005512,               0.005512
                    138,                0.95112,                0.58811,                 1.0309,                0.86156,                  0.817,                0.85296,                0.57247,                 1.1108,                0.68239,                 1.1664,               0.005479,               0.005479,               0.005479
                    139,                0.94852,                0.58745,                 1.0338,                0.86012,                0.81868,                0.85511,                0.57343,                 1.1119,                 0.6823,                 1.1656,               0.005446,               0.005446,               0.005446
                    140,                0.94605,                0.57696,                 1.0288,                0.85975,                 0.8174,                0.85549,                0.57373,                  1.111,                0.67856,                 1.1649,               0.005413,               0.005413,               0.005413
                    141,                0.93552,                0.57418,                 1.0271,                0.86042,                0.81956,                 0.8546,                0.57501,                 1.1108,                 0.6794,                 1.1653,                0.00538,                0.00538,                0.00538
                    142,                 0.9501,                0.58276,                  1.035,                0.86179,                 0.8154,                 0.8564,                0.57644,                 1.1122,                0.68133,                 1.1674,               0.005347,               0.005347,               0.005347
                    143,                0.94146,                0.57593,                 1.0279,                0.85846,                0.82076,                0.85457,                0.57535,                 1.1122,                0.68175,                 1.1691,               0.005314,               0.005314,               0.005314
                    144,                0.94725,                0.57104,                 1.0279,                0.86257,                0.81743,                0.85479,                0.57502,                 1.1111,                0.68279,                 1.1688,               0.005281,               0.005281,               0.005281
                    145,                0.93989,                0.57702,                 1.0229,                0.86307,                0.81683,                0.85579,                 0.5766,                 1.1069,                0.67904,                 1.1673,               0.005248,               0.005248,               0.005248
                    146,                0.93108,                0.56495,                 1.0205,                0.86259,                0.81454,                0.85457,                0.57692,                 1.1031,                0.68044,                 1.1664,               0.005215,               0.005215,               0.005215
                    147,                0.92804,                 0.5639,                  1.017,                0.86241,                0.81676,                0.85517,                0.57661,                 1.0986,                0.67897,                 1.1649,               0.005182,               0.005182,               0.005182
                    148,                0.92345,                0.56379,                 1.0144,                 0.8584,                0.81534,                0.85379,                0.57657,                 1.0983,                0.67749,                  1.166,               0.005149,               0.005149,               0.005149
                    149,                0.92694,                0.57037,                 1.0284,                0.85776,                 0.8202,                0.85483,                0.57693,                 1.0962,                0.67535,                 1.1659,               0.005116,               0.005116,               0.005116
                    150,                0.92406,                0.56877,                 1.0193,                0.85484,                0.82144,                0.85254,                0.57725,                 1.0958,                0.67691,                 1.1654,               0.005083,               0.005083,               0.005083
                    151,                0.91795,                0.56726,                  1.014,                0.85922,                0.82013,                0.85317,                0.57832,                 1.0958,                0.68198,                 1.1647,                0.00505,                0.00505,                0.00505
                    152,                0.92574,                0.56493,                 1.0124,                0.85612,                0.82088,                0.85292,                0.57822,                 1.0946,                 0.6805,                 1.1624,               0.005017,               0.005017,               0.005017
                    153,                0.91651,                0.55835,                 1.0147,                 0.8504,                0.82478,                0.85322,                0.57845,                 1.0933,                0.68026,                 1.1605,               0.004984,               0.004984,               0.004984
                    154,                0.92015,                0.56115,                 1.0134,                0.85054,                0.82218,                0.85221,                0.57821,                 1.0935,                0.68113,                  1.161,               0.004951,               0.004951,               0.004951
                    155,                0.91758,                0.56334,                 1.0175,                0.85474,                0.82343,                 0.8536,                0.57979,                 1.0912,                0.67827,                  1.161,               0.004918,               0.004918,               0.004918
                    156,                0.91004,                0.55526,                 1.0137,                0.85345,                0.82309,                0.85321,                0.58084,                 1.0888,                0.67767,                 1.1619,               0.004885,               0.004885,               0.004885
                    157,                0.90615,                0.55324,                  1.011,                0.85457,                0.82305,                0.85359,                0.58135,                 1.0879,                0.67522,                 1.1623,               0.004852,               0.004852,               0.004852
                    158,                0.91172,                0.55614,                 1.0088,                0.85098,                0.82326,                0.85475,                0.58092,                 1.0876,                0.67708,                 1.1624,               0.004819,               0.004819,               0.004819
                    159,                0.90423,                0.55416,                 1.0068,                0.85539,                0.81974,                  0.854,                0.58073,                 1.0874,                0.68012,                 1.1641,               0.004786,               0.004786,               0.004786
                    160,                0.91729,                0.55278,                 1.0128,                0.85426,                0.81854,                0.85358,                0.58155,                 1.0859,                0.67951,                 1.1632,               0.004753,               0.004753,               0.004753
                    161,                 0.9128,                0.56271,                 1.0118,                0.85525,                0.81707,                 0.8522,                0.58138,                  1.083,                0.68035,                 1.1631,                0.00472,                0.00472,                0.00472
                    162,                0.90025,                0.55456,                 1.0071,                0.85725,                0.81879,                0.85263,                0.58214,                 1.0814,                0.67778,                 1.1635,               0.004687,               0.004687,               0.004687
                    163,                 0.8986,                 0.5456,                 1.0057,                0.85565,                0.82095,                0.85398,                 0.5829,                 1.0792,                 0.6766,                  1.162,               0.004654,               0.004654,               0.004654
                    164,                0.90752,                0.55109,                 1.0099,                0.85823,                0.81754,                0.85212,                 0.5839,                 1.0767,                 0.6762,                 1.1609,               0.004621,               0.004621,               0.004621
                    165,                0.89353,                0.54795,                 1.0033,                0.85603,                0.81945,                0.85245,                0.58349,                 1.0736,                 0.6759,                 1.1592,               0.004588,               0.004588,               0.004588
                    166,                0.90428,                0.55395,                 1.0075,                0.84708,                0.82646,                0.85229,                0.58415,                 1.0728,                0.67658,                 1.1588,               0.004555,               0.004555,               0.004555
                    167,                0.89382,                0.54293,                 1.0057,                0.85037,                0.82553,                0.85187,                0.58451,                 1.0722,                0.67665,                 1.1595,               0.004522,               0.004522,               0.004522
                    168,                0.90051,                0.54245,                 1.0062,                0.84575,                0.82875,                0.85227,                0.58451,                  1.072,                0.67532,                 1.1596,               0.004489,               0.004489,               0.004489
                    169,                0.87213,                 0.5378,                 1.0004,                0.84373,                0.83047,                 0.8508,                0.58417,                 1.0708,                0.67519,                  1.159,               0.004456,               0.004456,               0.004456
                    170,                0.89385,                0.53993,                 1.0027,                0.84412,                0.82948,                0.85109,                0.58437,                 1.0697,                0.67551,                 1.1584,               0.004423,               0.004423,               0.004423
                    171,                0.88147,                0.54436,                 1.0028,                0.84494,                0.82809,                0.85171,                0.58507,                 1.0699,                0.67265,                 1.1588,                0.00439,                0.00439,                0.00439
                    172,                0.88906,                0.53969,                 1.0031,                0.84299,                 0.8311,                 0.8527,                0.58613,                 1.0679,                0.67053,                 1.1584,               0.004357,               0.004357,               0.004357
                    173,                0.88428,                0.53697,                 1.0009,                0.84817,                0.82659,                0.85338,                0.58696,                 1.0678,                0.67033,                 1.1592,               0.004324,               0.004324,               0.004324
                    174,                0.88514,                0.54105,                 1.0002,                 0.8501,                0.82482,                0.85323,                0.58742,                 1.0681,                0.67032,                 1.1591,               0.004291,               0.004291,               0.004291
                    175,                0.87753,                0.52991,                0.99382,                0.84838,                0.82841,                0.85339,                0.58698,                 1.0679,                0.67023,                 1.1603,               0.004258,               0.004258,               0.004258
                    176,                0.88037,                0.53638,                0.99428,                0.84923,                0.82667,                0.85304,                0.58781,                 1.0665,                0.67101,                 1.1592,               0.004225,               0.004225,               0.004225
                    177,                0.88208,                0.53735,                0.99513,                0.85275,                0.82471,                0.85352,                0.58876,                  1.066,                0.66975,                 1.1596,               0.004192,               0.004192,               0.004192
                    178,                0.86836,                0.52243,                0.99426,                0.85282,                0.82629,                0.85371,                0.58876,                 1.0634,                0.66741,                 1.1583,               0.004159,               0.004159,               0.004159
                    179,                0.86448,                0.53064,                0.99195,                0.85093,                0.82873,                0.85342,                0.58859,                 1.0633,                0.66765,                 1.1577,               0.004126,               0.004126,               0.004126
                    180,                 0.8638,                0.52955,                0.99392,                0.84925,                0.82963,                0.85367,                0.58901,                 1.0644,                0.66988,                  1.158,               0.004093,               0.004093,               0.004093
                    181,                0.86678,                0.52509,                0.98715,                0.85454,                0.82584,                0.85312,                0.58924,                 1.0636,                0.66865,                  1.158,                0.00406,                0.00406,                0.00406
                    182,                0.86779,                0.52867,                0.99164,                0.85265,                 0.8295,                0.85389,                0.58925,                  1.063,                0.66696,                 1.1585,               0.004027,               0.004027,               0.004027
                    183,                0.86421,                0.52758,                0.99335,                0.85259,                0.82817,                 0.8528,                0.58953,                 1.0627,                0.66694,                 1.1585,               0.003994,               0.003994,               0.003994
                    184,                0.86006,                0.52344,                0.98953,                0.84982,                0.83021,                0.85373,                0.59023,                 1.0617,                0.66699,                 1.1583,               0.003961,               0.003961,               0.003961
                    185,                0.86032,                0.51866,                0.98826,                0.85247,                0.82686,                0.85389,                0.58991,                 1.0613,                0.66787,                 1.1587,               0.003928,               0.003928,               0.003928
                    186,                0.86387,                 0.5233,                0.99008,                0.85173,                0.82716,                0.85361,                0.58976,                 1.0611,                0.66864,                 1.1585,               0.003895,               0.003895,               0.003895
                    187,                0.85867,                0.52566,                0.98968,                0.85427,                0.82352,                0.85259,                0.59031,                 1.0612,                0.66985,                 1.1593,               0.003862,               0.003862,               0.003862
                    188,                0.85097,                0.52001,                0.98582,                0.85452,                0.82466,                0.85306,                 0.5902,                 1.0596,                0.67104,                  1.158,               0.003829,               0.003829,               0.003829
                    189,                0.85598,                0.52048,                 0.9849,                0.85387,                0.82475,                0.85256,                0.59042,                 1.0593,                0.67069,                 1.1583,               0.003796,               0.003796,               0.003796
                    190,                  0.847,                0.52065,                0.98739,                0.85444,                0.82446,                0.85271,                0.58988,                 1.0586,                0.67017,                 1.1574,               0.003763,               0.003763,               0.003763
                    191,                0.85486,                0.52869,                0.98777,                0.85525,                0.82208,                 0.8522,                0.58978,                 1.0584,                0.67009,                 1.1576,                0.00373,                0.00373,                0.00373
                    192,                0.84157,                0.51447,                0.98355,                0.85431,                0.82355,                0.85178,                0.58965,                 1.0576,                0.67041,                 1.1568,               0.003697,               0.003697,               0.003697
                    193,                0.84579,                0.51628,                0.98312,                0.85509,                0.82373,                0.85216,                0.58994,                 1.0568,                0.67022,                 1.1564,               0.003664,               0.003664,               0.003664
                    194,                0.84626,                0.51421,                0.98601,                 0.8556,                0.82306,                0.85213,                0.59004,                 1.0564,                0.67098,                 1.1567,               0.003631,               0.003631,               0.003631
                    195,                0.84329,                0.51318,                 0.9858,                0.85887,                0.82152,                 0.8528,                0.58993,                 1.0554,                0.67003,                 1.1562,               0.003598,               0.003598,               0.003598
                    196,                0.84412,                0.51437,                0.98138,                0.85651,                0.82196,                0.85225,                0.58974,                 1.0541,                0.66964,                 1.1561,               0.003565,               0.003565,               0.003565
                    197,                0.84067,                0.51439,                0.98077,                0.85671,                0.82345,                0.85301,                 0.5906,                 1.0536,                0.66959,                 1.1562,               0.003532,               0.003532,               0.003532
                    198,                 0.8418,                0.50883,                0.98078,                0.85825,                0.82257,                0.85324,                0.59032,                 1.0524,                0.66909,                 1.1566,               0.003499,               0.003499,               0.003499
                    199,                0.83802,                0.51248,                0.97913,                0.85847,                0.82253,                0.85254,                0.59054,                 1.0515,                0.66829,                 1.1571,               0.003466,               0.003466,               0.003466
                    200,                0.83361,                0.51081,                 0.9805,                 0.8609,                0.82128,                0.85287,                0.59108,                 1.0501,                0.66765,                 1.1563,               0.003433,               0.003433,               0.003433
                    201,                0.83274,                0.51189,                0.97866,                0.85706,                0.82374,                0.85227,                0.59132,                 1.0496,                  0.668,                 1.1559,                 0.0034,                 0.0034,                 0.0034
                    202,                0.83657,                0.50823,                0.98046,                0.85851,                0.82222,                0.85234,                0.59099,                 1.0486,                 0.6685,                 1.1558,               0.003367,               0.003367,               0.003367
                    203,                0.82956,                0.50105,                0.97287,                0.85612,                0.82295,                0.85207,                0.59136,                 1.0474,                0.66747,                 1.1555,               0.003334,               0.003334,               0.003334
                    204,                0.82347,                0.50108,                0.97757,                0.85567,                0.82343,                0.85172,                0.59149,                 1.0467,                0.66655,                 1.1556,               0.003301,               0.003301,               0.003301
                    205,                0.83427,                0.50579,                 0.9794,                0.85353,                0.82396,                0.85164,                0.59149,                 1.0464,                0.66699,                 1.1559,               0.003268,               0.003268,               0.003268
                    206,                0.82386,                0.50212,                0.97649,                0.85269,                0.82438,                0.85083,                0.59123,                 1.0461,                 0.6676,                 1.1566,               0.003235,               0.003235,               0.003235
                    207,                0.81765,                0.49608,                0.97177,                0.84877,                0.82863,                0.85125,                0.59148,                 1.0454,                0.66682,                 1.1566,               0.003202,               0.003202,               0.003202
                    208,                0.82221,                0.49652,                0.97293,                0.84662,                0.83022,                0.85152,                0.59174,                 1.0445,                 0.6666,                 1.1563,               0.003169,               0.003169,               0.003169
                    209,                 0.8205,                0.50149,                0.97587,                0.84694,                0.82825,                 0.8504,                0.59177,                 1.0441,                0.66688,                 1.1558,               0.003136,               0.003136,               0.003136
                    210,                 0.8178,                0.49752,                0.97464,                0.86039,                0.81459,                0.85019,                 0.5913,                 1.0439,                0.66742,                 1.1557,               0.003103,               0.003103,               0.003103
                    211,                0.82131,                0.49844,                0.97509,                0.86173,                 0.8138,                0.85018,                0.59137,                 1.0437,                 0.6676,                  1.156,                0.00307,                0.00307,                0.00307
                    212,                0.81325,                0.49082,                0.96811,                0.86163,                0.81337,                 0.8502,                0.59155,                 1.0428,                 0.6675,                 1.1553,               0.003037,               0.003037,               0.003037
                    213,                0.80453,                0.48829,                0.96655,                0.86203,                0.81373,                0.85018,                0.59186,                 1.0421,                0.66771,                 1.1551,               0.003004,               0.003004,               0.003004
                    214,                0.80668,                0.49133,                 0.9683,                0.86293,                0.81525,                0.85104,                0.59172,                 1.0408,                0.66823,                 1.1547,               0.002971,               0.002971,               0.002971
                    215,                0.81848,                0.49278,                0.96761,                0.86293,                0.81496,                0.85108,                0.59195,                   1.04,                0.66838,                 1.1541,               0.002938,               0.002938,               0.002938
                    216,                0.80548,                0.48997,                0.96587,                0.86324,                  0.815,                 0.8515,                0.59163,                 1.0388,                 0.6685,                 1.1532,               0.002905,               0.002905,               0.002905
                    217,                0.80681,                0.49484,                0.96661,                0.86414,                0.81471,                0.85141,                0.59198,                 1.0379,                0.66835,                 1.1527,               0.002872,               0.002872,               0.002872
                    218,                0.80925,                0.48914,                0.96922,                0.86369,                0.81503,                0.85105,                0.59195,                 1.0376,                0.66856,                 1.1527,               0.002839,               0.002839,               0.002839
                    219,                0.81575,                 0.4934,                0.96739,                0.86415,                0.81516,                0.85088,                0.59194,                 1.0378,                0.66887,                  1.153,               0.002806,               0.002806,               0.002806
                    220,                0.79376,                0.48262,                0.96406,                0.86435,                0.81494,                0.85091,                0.59239,                 1.0375,                 0.6692,                  1.153,               0.002773,               0.002773,               0.002773
                    221,                0.79777,                0.49056,                0.96437,                0.86295,                0.81727,                0.85086,                0.59277,                 1.0373,                 0.6688,                 1.1532,                0.00274,                0.00274,                0.00274
                    222,                0.79844,                  0.488,                0.96876,                0.86138,                 0.8193,                0.85076,                0.59267,                 1.0371,                0.66852,                 1.1531,               0.002707,               0.002707,               0.002707
                    223,                0.79801,                0.48945,                0.96396,                0.85989,                0.82129,                0.85093,                0.59285,                 1.0369,                0.66785,                 1.1532,               0.002674,               0.002674,               0.002674
                    224,                 0.7914,                0.48151,                0.96115,                0.85957,                0.82159,                0.85065,                0.59275,                 1.0366,                0.66888,                 1.1536,               0.002641,               0.002641,               0.002641
                    225,                0.79989,                 0.4896,                0.96321,                0.85946,                0.82096,                0.85038,                0.59277,                 1.0359,                0.66895,                 1.1533,               0.002608,               0.002608,               0.002608
                    226,                0.79228,                 0.4788,                 0.9671,                0.85769,                0.82212,                0.85063,                0.59323,                 1.0354,                0.66904,                 1.1533,               0.002575,               0.002575,               0.002575
                    227,                0.78542,                0.47896,                0.96291,                 0.8577,                0.82134,                0.85083,                 0.5934,                  1.035,                0.66966,                 1.1536,               0.002542,               0.002542,               0.002542
                    228,                0.77997,                0.46903,                0.95401,                 0.8583,                0.82103,                0.85046,                0.59299,                 1.0347,                0.66993,                 1.1536,               0.002509,               0.002509,               0.002509
                    229,                0.78172,                0.47745,                0.96101,                0.85695,                0.82162,                0.85019,                 0.5935,                 1.0338,                0.66951,                 1.1535,               0.002476,               0.002476,               0.002476
                    230,                0.77833,                0.47204,                0.95538,                0.85718,                0.82096,                0.85038,                 0.5933,                 1.0335,                0.66962,                 1.1537,               0.002443,               0.002443,               0.002443
                    231,                0.78224,                0.47868,                0.95747,                0.85696,                0.82156,                0.84997,                0.59359,                 1.0327,                0.66863,                 1.1535,                0.00241,                0.00241,                0.00241
                    232,                0.77748,                0.47523,                0.95822,                0.85812,                0.82204,                 0.8503,                0.59369,                 1.0325,                0.66837,                  1.154,               0.002377,               0.002377,               0.002377
                    233,                0.78449,                0.47519,                0.95986,                0.85707,                0.82243,                0.85039,                0.59379,                 1.0323,                0.66846,                 1.1542,               0.002344,               0.002344,               0.002344
                    234,                0.76723,                0.47178,                0.95568,                0.85791,                 0.8218,                0.85014,                0.59386,                 1.0312,                0.66806,                 1.1538,               0.002311,               0.002311,               0.002311
                    235,                 0.7781,                0.46867,                0.95891,                0.85843,                0.82119,                0.84994,                  0.594,                 1.0305,                0.66809,                 1.1536,               0.002278,               0.002278,               0.002278
                    236,                0.76859,                0.47298,                 0.9571,                0.85788,                0.82337,                0.84985,                0.59425,                 1.0308,                0.66947,                 1.1541,               0.002245,               0.002245,               0.002245
                    237,                0.76317,                0.47102,                0.95359,                0.85784,                0.82366,                0.85008,                0.59437,                 1.0305,                0.66989,                 1.1545,               0.002212,               0.002212,               0.002212
                    238,                0.77685,                0.47222,                0.95718,                0.85773,                0.82409,                0.85014,                0.59432,                 1.0304,                0.66966,                 1.1544,               0.002179,               0.002179,               0.002179
                    239,                0.77114,                0.46812,                0.95574,                0.85803,                0.82401,                 0.8501,                0.59456,                 1.0303,                 0.6703,                 1.1544,               0.002146,               0.002146,               0.002146
                    240,                0.77141,                0.46856,                0.95234,                0.85781,                0.82418,                0.85009,                0.59442,                 1.0298,                0.66994,                 1.1544,               0.002113,               0.002113,               0.002113
                    241,                 0.7687,                0.46316,                0.95097,                0.85763,                 0.8239,                0.84979,                0.59428,                 1.0297,                0.66996,                 1.1544,                0.00208,                0.00208,                0.00208
                    242,                0.76277,                0.46613,                 0.9556,                0.85742,                 0.8237,                0.84961,                0.59456,                 1.0292,                0.66995,                 1.1542,               0.002047,               0.002047,               0.002047
                    243,                0.75406,                0.46023,                0.94895,                0.85706,                0.82411,                0.84966,                0.59435,                 1.0288,                0.67035,                 1.1542,               0.002014,               0.002014,               0.002014
                    244,                0.76891,                0.46485,                0.95154,                 0.8575,                0.82409,                0.84987,                0.59455,                 1.0286,                0.67053,                 1.1546,               0.001981,               0.001981,               0.001981
                    245,                0.75847,                0.46379,                0.95076,                0.85713,                0.82437,                0.84956,                0.59445,                 1.0282,                0.67076,                 1.1546,               0.001948,               0.001948,               0.001948
                    246,                0.75616,                0.45565,                0.94876,                0.85675,                0.82515,                0.84963,                0.59465,                  1.028,                0.67069,                 1.1548,               0.001915,               0.001915,               0.001915
                    247,                0.75572,                0.46079,                0.94953,                 0.8564,                0.82553,                0.85026,                0.59481,                 1.0277,                 0.6704,                 1.1549,               0.001882,               0.001882,               0.001882
                    248,                0.75472,                 0.4564,                0.94817,                0.85554,                0.82561,                 0.8496,                0.59495,                 1.0274,                0.67039,                 1.1549,               0.001849,               0.001849,               0.001849
                    249,                0.75126,                0.45953,                 0.9474,                0.85654,                0.82484,                   0.85,                0.59512,                 1.0272,                0.67038,                 1.1551,               0.001816,               0.001816,               0.001816
                    250,                0.74888,                0.45831,                0.94639,                0.85618,                0.82533,                0.85042,                0.59561,                 1.0264,                0.67028,                 1.1549,               0.001783,               0.001783,               0.001783
                    251,                0.75138,                0.45827,                0.94745,                0.85595,                0.82583,                0.85037,                 0.5954,                 1.0263,                0.67037,                  1.155,                0.00175,                0.00175,                0.00175
                    252,                0.75546,                0.46304,                0.95351,                 0.8553,                0.82526,                0.85018,                 0.5954,                 1.0261,                 0.6712,                 1.1551,               0.001717,               0.001717,               0.001717
                    253,                0.74648,                0.45656,                0.94542,                0.85515,                0.82535,                0.85049,                0.59552,                 1.0251,                 0.6707,                 1.1535,               0.001684,               0.001684,               0.001684
                    254,                0.74921,                0.45741,                0.94731,                0.85452,                0.82639,                0.85019,                0.59571,                 1.0246,                0.67013,                 1.1533,               0.001651,               0.001651,               0.001651
                    255,                 0.7486,                0.45775,                0.94764,                0.85475,                0.82664,                0.85025,                0.59569,                 1.0245,                0.67019,                 1.1531,               0.001618,               0.001618,               0.001618
                    256,                0.74387,                0.45426,                0.94455,                0.85519,                0.82576,                0.85046,                0.59576,                 1.0245,                0.67007,                 1.1534,               0.001585,               0.001585,               0.001585
                    257,                0.73894,                0.45229,                0.94542,                 0.8533,                0.82762,                 0.8502,                0.59582,                 1.0246,                0.67076,                 1.1538,               0.001552,               0.001552,               0.001552
                    258,                0.74213,                0.45511,                0.94435,                0.85303,                0.82765,                 0.8503,                0.59585,                 1.0243,                 0.6703,                 1.1538,               0.001519,               0.001519,               0.001519
                    259,                0.73641,                0.44955,                0.94392,                0.85257,                0.82727,                0.85026,                0.59613,                 1.0241,                0.67036,                 1.1538,               0.001486,               0.001486,               0.001486
                    260,                0.73376,                0.44515,                0.93945,                0.85228,                0.82771,                0.85014,                  0.596,                 1.0237,                0.67003,                 1.1537,               0.001453,               0.001453,               0.001453
                    261,                0.72971,                0.44476,                0.93872,                0.85283,                0.82791,                 0.8502,                0.59615,                 1.0234,                0.67012,                 1.1538,                0.00142,                0.00142,                0.00142
                    262,                0.73068,                0.44684,                0.93892,                0.85349,                0.82829,                0.85017,                 0.5964,                 1.0235,                0.67045,                 1.1539,               0.001387,               0.001387,               0.001387
                    263,                0.73063,                0.44883,                0.93752,                0.85358,                0.82834,                0.85001,                0.59619,                 1.0233,                0.67036,                 1.1542,               0.001354,               0.001354,               0.001354
                    264,                0.72455,                0.44063,                0.93811,                0.85374,                0.82858,                0.85028,                0.59659,                 1.0228,                0.66992,                 1.1539,               0.001321,               0.001321,               0.001321
                    265,                0.73859,                0.44692,                0.94038,                0.85395,                0.82823,                0.85027,                0.59656,                 1.0225,                   0.67,                  1.154,               0.001288,               0.001288,               0.001288
                    266,                0.72301,                0.43869,                0.93503,                0.85362,                0.82784,                0.84991,                0.59662,                 1.0227,                0.66996,                 1.1542,               0.001255,               0.001255,               0.001255
                    267,                0.72463,                0.44163,                 0.9363,                0.85453,                0.82739,                0.84977,                0.59622,                 1.0223,                0.67025,                 1.1543,               0.001222,               0.001222,               0.001222
                    268,                 0.7285,                0.44657,                0.93922,                0.85529,                0.82777,                0.85007,                0.59647,                 1.0221,                0.66999,                 1.1545,               0.001189,               0.001189,               0.001189
                    269,                0.72159,                0.44268,                0.93794,                0.85398,                0.82768,                 0.8499,                0.59644,                 1.0219,                0.66999,                 1.1545,               0.001156,               0.001156,               0.001156
                    270,                0.72699,                0.44463,                0.93977,                0.85452,                0.82748,                0.84937,                0.59634,                 1.0216,                0.66946,                 1.1546,               0.001123,               0.001123,               0.001123
                    271,                0.72057,                0.44169,                0.93898,                0.85448,                0.82778,                0.84994,                0.59639,                 1.0214,                0.66927,                 1.1548,                0.00109,                0.00109,                0.00109
                    272,                 0.7163,                0.44135,                0.94061,                0.85485,                0.82737,                0.84983,                0.59652,                 1.0213,                0.66964,                 1.1549,               0.001057,               0.001057,               0.001057
                    273,                0.71556,                0.43723,                0.93611,                0.85428,                0.82763,                0.84976,                0.59676,                  1.021,                0.66946,                 1.1551,               0.001024,               0.001024,               0.001024
                    274,                0.71371,                0.43665,                0.93489,                0.85417,                0.82766,                0.84975,                0.59655,                  1.021,                0.66971,                 1.1552,               0.000991,               0.000991,               0.000991
                    275,                0.72058,                 0.4375,                0.93476,                0.85443,                 0.8277,                 0.8498,                0.59663,                 1.0207,                0.67013,                 1.1553,               0.000958,               0.000958,               0.000958
                    276,                0.70913,                0.43851,                0.93641,                0.85405,                 0.8275,                0.84967,                0.59689,                 1.0208,                0.66987,                 1.1555,               0.000925,               0.000925,               0.000925
                    277,                0.71439,                0.43905,                 0.9374,                0.85422,                0.82755,                 0.8496,                0.59687,                 1.0208,                0.67025,                 1.1559,               0.000892,               0.000892,               0.000892
                    278,                0.70293,                0.42591,                0.93113,                0.85425,                0.82751,                0.84952,                0.59685,                 1.0206,                0.67002,                 1.1559,               0.000859,               0.000859,               0.000859
                    279,                0.70457,                0.43238,                 0.9328,                0.85382,                0.82823,                0.84953,                0.59679,                 1.0209,                0.67028,                 1.1563,               0.000826,               0.000826,               0.000826
                    280,                0.70199,                0.42828,                0.92887,                0.85381,                0.82848,                0.84949,                0.59698,                 1.0205,                0.67025,                 1.1565,               0.000793,               0.000793,               0.000793
                    281,                0.70239,                0.43199,                0.93193,                0.85421,                0.82832,                0.84936,                0.59689,                 1.0205,                0.67004,                 1.1566,                0.00076,                0.00076,                0.00076
                    282,                0.70359,                0.43306,                0.93215,                 0.8535,                0.82901,                0.84956,                0.59695,                 1.0203,                 0.6705,                 1.1567,               0.000727,               0.000727,               0.000727
                    283,                0.70691,                 0.4341,                 0.9337,                0.85375,                0.82831,                 0.8495,                 0.5969,                 1.0201,                0.67101,                 1.1569,               0.000694,               0.000694,               0.000694
                    284,                0.70668,                0.43193,                 0.9333,                0.85318,                0.82862,                0.84939,                0.59712,                   1.02,                0.67108,                  1.157,               0.000661,               0.000661,               0.000661
                    285,                0.70209,                0.42816,                0.93003,                0.85321,                0.82924,                0.84966,                0.59718,                 1.0204,                0.67158,                 1.1576,               0.000628,               0.000628,               0.000628
                    286,                0.70025,                0.42969,                0.92954,                0.85298,                0.82979,                0.84961,                0.59715,                 1.0203,                0.67172,                 1.1578,               0.000595,               0.000595,               0.000595
                    287,                0.70278,                0.42752,                0.93152,                0.85258,                 0.8301,                0.84942,                0.59743,                 1.0199,                0.67213,                 1.1578,               0.000562,               0.000562,               0.000562
                    288,                0.69369,                0.42504,                0.92958,                0.85435,                 0.8285,                0.84955,                0.59766,                 1.0201,                 0.6723,                 1.1582,               0.000529,               0.000529,               0.000529
                    289,                0.69829,                0.42979,                0.93267,                0.85431,                 0.8286,                0.84957,                0.59773,                 1.0199,                0.67257,                 1.1583,               0.000496,               0.000496,               0.000496
                    290,                0.68921,                0.42151,                0.92599,                0.85543,                0.82793,                0.84956,                0.59767,                 1.0197,                0.67257,                 1.1585,               0.000463,               0.000463,               0.000463
                    291,                0.67111,                0.37888,                  0.904,                0.85571,                0.82775,                0.84931,                0.59748,                 1.0198,                0.67282,                 1.1587,                0.00043,                0.00043,                0.00043
                    292,                0.64958,                0.37021,                0.89858,                0.85536,                0.82753,                0.84932,                0.59754,                   1.02,                0.67363,                 1.1593,               0.000397,               0.000397,               0.000397
                    293,                0.64513,                0.37061,                0.89821,                0.85549,                0.82767,                0.84941,                 0.5976,                   1.02,                0.67369,                 1.1596,               0.000364,               0.000364,               0.000364
                    294,                0.63837,                0.36641,                0.89623,                0.85591,                0.82756,                0.84936,                0.59769,                   1.02,                0.67396,                 1.1599,               0.000331,               0.000331,               0.000331
                    295,                0.63332,                 0.3653,                0.89354,                0.85545,                0.82758,                0.84947,                0.59805,                   1.02,                0.67445,                 1.1603,               0.000298,               0.000298,               0.000298
                    296,                0.63579,                 0.3654,                0.89529,                0.85611,                0.82779,                0.84948,                0.59804,                 1.0199,                0.67506,                 1.1605,               0.000265,               0.000265,               0.000265
                    297,                0.62851,                0.36249,                0.89453,                0.85655,                0.82747,                0.84939,                0.59813,                 1.0196,                0.67482,                 1.1606,               0.000232,               0.000232,               0.000232
                    298,                0.63329,                0.36422,                0.89531,                0.85671,                0.82734,                0.84948,                0.59834,                 1.0195,                0.67525,                 1.1608,               0.000199,               0.000199,               0.000199
                    299,                  0.628,                0.36248,                0.89479,                0.85725,                0.82738,                0.84948,                0.59819,                 1.0197,                0.67566,                 1.1613,               0.000166,               0.000166,               0.000166
                    300,                0.62781,                0.36159,                0.89531,                0.85714,                0.82724,                0.84927,                0.59836,                 1.0193,                0.67589,                 1.1614,               0.000133,               0.000133,               0.000133
